{
	"format_version": "1.8.0",
	"animations": {
		"move": {
			"loop": true,
			"animation_length": 1.5,
			"bones": {
				"right-1": {
					"rotation": {
						"0.0": [0, 0, 0],
						"0.5": [53.08615, 9.13954, 5.10139],
						"0.75": [74.54079, 37.93553, 61.09578],
						"1.0": [69.968, 18.12729, 84.14099],
						"1.5": [0, 0, 0]
					}
				},
				"right-1a": {
					"rotation": {
						"0.0": [0, 0, 0],
						"0.5": [27.5, 0, 0],
						"1.5": [0, 0, 0]
					}
				},
				"right-2a": {
					"rotation": {
						"0.0": [0, 0, 0],
						"0.25": [-26.17461, -12.95493, 5.2723],
						"0.5": [-60.19581, -15.10701, 36.14422],
						"0.75": [-53.96098, -13.5923, 50.69499],
						"1.0": [-25.75654, 46.35611, 36.4563],
						"1.5": [0, 0, 0]
					}
				},
				"right-3b": {
					"rotation": {
						"0.0": [0, 0, 0],
						"0.5": [25, 0, 0],
						"0.75": [29.43607, 17.94973, 27.55814],
						"1.0": [25, 0, 0],
						"1.125": [22.1211, -17.7252, -21.37453],
						"1.5": [0, 0, 0]
					}
				},
				"right-3c": {
					"rotation": {
						"0.0": [0, 0, 0],
						"0.5": [30.20113, -3.45533, -6.66067],
						"0.75": [30.99464, 7.41137, 14.50067],
						"1.0": [30, 0, 0],
						"1.125": [24.60087, -12.67956, -18.74227],
						"1.5": [0, 0, 0]
					}
				},
				"right-4a": {
					"rotation": {
						"0.0": [0, 0, 0],
						"0.5": [65, 0, 0],
						"0.75": [58.21929, 33.70464, -30.39234],
						"1.0": [86.5968, 39.85571, -22.90981],
						"1.5": [0, 0, 0]
					}
				},
				"right-4c": {
					"rotation": {
						"0.0": [0, 0, 0],
						"0.5": [-35.66584, 9.88744, -7.68615],
						"0.75": [-37.64464, -18.59041, 15.03549],
						"1.0": [-35.66584, -9.88744, 7.68615],
						"1.25": [-18.38367, 13.80012, -3.18616],
						"1.5": [0, 0, 0]
					}
				},
				"right-4d": {
					"rotation": {
						"0.0": [0, 0, 0],
						"0.5": [0, 15, 0],
						"0.75": [-9.26072, 0.61603, 23.43149],
						"1.0": [0, -28.75, 0],
						"1.0417": [2.14456, 6.73788, -15.71392],
						"1.125": [5.38316, 23.4702, -21.3684],
						"1.5": [0, 0, 0]
					}
				}
			}
		}
	}
}