{
	"format_version": "1.8.0",
	"animations": {
		"idle": {
			"loop": true,
			"animation_length": 3.7037,
			"bones": {
				"bone": {
					"position": {
						"0.0": {
							"vector": [0, -1.1, 0]
						},
						"3.7037": {
							"vector": [0, -1.1, 0]
						}
					},
					"scale": {
						"0.0": {
							"vector": [0.9, 0.9, 0.9]
						},
						"3.7037": {
							"vector": [0.9, 0.9, 0.9]
						}
					}
				},
				"bone2": {
					"rotation": {
						"0.0": {
							"vector": [2.5, 0, 0]
						},
						"1.7747": {
							"vector": [7.5, 0, 0]
						},
						"3.6265": {
							"vector": [2.5, 0, 0]
						},
						"3.7037": {
							"vector": [2.5, 0, 0]
						}
					},
					"position": {
						"0.0": {
							"vector": [0, 0, -2]
						},
						"3.7037": {
							"vector": [0, 0, -2]
						}
					}
				},
				"bone3": {
					"rotation": {
						"0.0": {
							"vector": [7.5, 0, 0]
						},
						"1.5432": {
							"vector": [10, 0, 0]
						},
						"3.7037": {
							"vector": [7.5, 0, 0]
						}
					},
					"position": {
						"0.0": {
							"vector": [0, 0, 0]
						},
						"1.5432": {
							"vector": [0, -0.6, 0]
						},
						"3.7037": {
							"vector": [0, 0, 0]
						}
					}
				},
				"bone6": {
					"rotation": {
						"0.0": {
							"vector": [0, 0, 37.5]
						},
						"1.8519": {
							"vector": [0, 0, 47.5]
						},
						"3.7037": {
							"vector": [0, 0, 37.5]
						}
					}
				},
				"bone7": {
					"rotation": {
						"0.0": {
							"vector": [30.90791, 46.50409, 32.48214]
						},
						"1.8519": {
							"vector": [33.95328, 50.72656, 36.53758]
						},
						"3.7037": {
							"vector": [30.90791, 46.50409, 32.48214]
						}
					}
				},
				"bone8": {
					"rotation": {
						"0.0": {
							"vector": [0, 0, -37.5]
						},
						"1.8519": {
							"vector": [0, 0, -47.5]
						},
						"3.7037": {
							"vector": [0, 0, -37.5]
						}
					}
				},
				"bone9": {
					"rotation": {
						"0.0": {
							"vector": [30.90791, -46.50409, -32.48214]
						},
						"1.8519": {
							"vector": [33.95328, -50.72656, -36.53758]
						},
						"3.7037": {
							"vector": [30.90791, -46.50409, -32.48214]
						}
					}
				},
				"bone10": {
					"rotation": {
						"0.0": {
							"vector": [0, 0, -10]
						},
						"3.7037": {
							"vector": [0, 0, -10]
						}
					}
				},
				"bone11": {
					"rotation": {
						"vector": [0, 0, 10]
					}
				},
				"bone12": {
					"rotation": {
						"0.0": {
							"vector": [0, 0, 10]
						},
						"3.7037": {
							"vector": [0, 0, 10]
						}
					}
				},
				"bone13": {
					"rotation": {
						"vector": [0, 0, -10]
					}
				}
			}
		},
		"attack": {
			"animation_length": 0.375,
			"bones": {
				"bone": {
					"rotation": {
						"0.0": {
							"vector": [0, 0, 0]
						},
						"0.25": {
							"vector": [12.5, 0, 0]
						},
						"0.375": {
							"vector": [0, 0, 0]
						}
					},
					"position": {
						"vector": [0, -1.1, 0]
					},
					"scale": {
						"vector": [0.9, 0.9, 0.9]
					}
				},
				"bone2": {
					"rotation": {
						"vector": [2.5, 0, 0]
					},
					"position": {
						"vector": [0, 0, -2]
					}
				},
				"bone3": {
					"rotation": {
						"0.0": {
							"vector": [7.5, 0, 0]
						},
						"0.125": {
							"vector": [10.54684, -44.5119, -7.43656]
						},
						"0.25": {
							"vector": [51.93212, 39.22704, 63.51484]
						},
						"0.375": {
							"vector": [7.5, 0, 0]
						}
					}
				},
				"bone6": {
					"rotation": {
						"0.0": {
							"vector": [0, 0, 37.5]
						},
						"0.125": {
							"vector": [0, 0, -75]
						},
						"0.25": {
							"vector": [-11.38608, 38.45867, -6.77544]
						},
						"0.375": {
							"vector": [0, 0, 37.5]
						}
					}
				},
				"bone7": {
					"rotation": {
						"0.0": {
							"vector": [30.90791, 46.50409, 32.48214]
						},
						"0.125": {
							"vector": [-75.05456, 17.11884, -33.69502]
						},
						"0.25": {
							"vector": [-69.36144, 9.35852, -9.24937]
						},
						"0.375": {
							"vector": [30.90791, 46.50409, 32.48214]
						}
					},
					"scale": {
						"0.0": {
							"vector": [1, 1, 1]
						},
						"0.25": {
							"vector": [1.5, 1, 1.6]
						},
						"0.375": {
							"vector": [1, 1, 1]
						}
					}
				},
				"bone8": {
					"rotation": {
						"vector": [0, 0, -37.5]
					}
				},
				"bone9": {
					"rotation": {
						"vector": [30.90791, -46.50409, -32.48214]
					}
				},
				"bone10": {
					"rotation": {
						"vector": [0, 0, -10]
					}
				},
				"bone11": {
					"rotation": {
						"vector": [0, 0, 10]
					}
				},
				"bone12": {
					"rotation": {
						"0.0": {
							"vector": [0, 0, 10]
						},
						"0.1667": {
							"vector": [0, 0, 10]
						},
						"0.25": {
							"vector": [42.5, 0, 25]
						},
						"0.375": {
							"vector": [0, 0, 10]
						}
					}
				},
				"bone13": {
					"rotation": {
						"vector": [0, 0, -10]
					}
				},
				"bone4": {
					"rotation": {
						"0.0": {
							"vector": [0, 0, 0]
						},
						"0.125": {
							"vector": [0, 27.5, 0]
						},
						"0.25": {
							"vector": [0, 0, 0]
						}
					}
				}
			}
		},
		"skill1": {
			"animation_length": 0.2917,
			"bones": {
				"bone": {
					"position": {
						"vector": [0, -1.1, 0]
					},
					"scale": {
						"vector": [0.9, 0.9, 0.9]
					}
				},
				"bone2": {
					"rotation": {
						"0.0": {
							"vector": [2.5, 0, 0]
						},
						"0.0833": {
							"vector": [-32.5, 0, 0]
						},
						"0.2083": {
							"vector": [55, 0, 0]
						},
						"0.2917": {
							"vector": [2.5, 0, 0]
						}
					},
					"position": {
						"0.0": {
							"vector": [0, 0, -2]
						},
						"0.2083": {
							"vector": [0, -3, -11]
						},
						"0.2917": {
							"vector": [0, 0, -2]
						}
					}
				},
				"bone3": {
					"rotation": {
						"0.0": {
							"vector": [7.5, 0, 0]
						},
						"0.0833": {
							"vector": [-22.5, 0, 0]
						},
						"0.2083": {
							"vector": [65, 0, 0]
						},
						"0.2917": {
							"vector": [7.5, 0, 0]
						}
					}
				},
				"bone6": {
					"rotation": {
						"0.0": {
							"vector": [0, 0, 37.5]
						},
						"0.0833": {
							"vector": [0, 0, -42.5]
						},
						"0.2083": {
							"vector": [-19.71601, 46.93584, -158.62877]
						},
						"0.2917": {
							"vector": [0, 0, 37.5]
						}
					}
				},
				"bone7": {
					"rotation": {
						"0.0": {
							"vector": [30.90791, 46.50409, 32.48214]
						},
						"0.0833": {
							"vector": [21.29528, -13.2177, 3.91409]
						},
						"0.2917": {
							"vector": [30.90791, 46.50409, 32.48214]
						}
					}
				},
				"bone8": {
					"rotation": {
						"0.0": {
							"vector": [0, 0, -37.5]
						},
						"0.0833": {
							"vector": [0, 0, 42.5]
						},
						"0.2083": {
							"vector": [-125.44861, -30.6793, -185.2484]
						},
						"0.2917": {
							"vector": [0, 0, -37.5]
						}
					}
				},
				"bone9": {
					"rotation": {
						"0.0": {
							"vector": [30.90791, -46.50409, -32.48214]
						},
						"0.0833": {
							"vector": [9.88064, 26.36076, 4.93386]
						},
						"0.2917": {
							"vector": [30.90791, -46.50409, -32.48214]
						}
					}
				},
				"bone10": {
					"rotation": {
						"vector": [0, 0, -10]
					}
				},
				"bone11": {
					"rotation": {
						"vector": [0, 0, 10]
					}
				},
				"bone12": {
					"rotation": {
						"vector": [0, 0, 10]
					}
				},
				"bone13": {
					"rotation": {
						"vector": [0, 0, -10]
					}
				}
			}
		},
		"move": {
			"loop": true,
			"animation_length": 2,
			"bones": {
				"bone": {
					"position": {
						"vector": [0, -1.1, 0]
					},
					"scale": {
						"vector": [0.9, 0.9, 0.9]
					}
				},
				"bone2": {
					"rotation": {
						"0.0": {
							"vector": [2.5, 0, 0]
						},
						"0.5": {
							"vector": [5, 0, 0]
						},
						"1.0": {
							"vector": [2.5, 0, 0]
						},
						"1.5": {
							"vector": [1.97, 0, 0]
						},