{
	"format_version": "1.8.0",
	"animations": {
		"model.1": {
			"loop": "hold_on_last_frame",
			"animation_length": 2,
			"bones": {
				"bone7": {
					"rotation": {
						"0.0": {
							"vector": [0, 0, 0]
						},
						"0.4583": {
							"vector": [-68.58318, 6.98742, 2.73185]
						},
						"1.0": {
							"vector": [-82.8, -27.78, -1.42]
						},
						"1.5": {
							"vector": [-89.69926, -35.21611, -2.56737]
						},
						"2.0": {
							"vector": [-89.63781, 47.28294, -2.12783]
						}
					},
					"position": {
						"0.0": {
							"vector": [0, 0, 0]
						},
						"1.5": {
							"vector": [0, 0, 0]
						},
						"2.0": {
							"vector": [0, 0, -6]
						}
					}
				},
				"bone8": {
					"rotation": {
						"0.0": {
							"vector": [0, 0, 0]
						},
						"0.4583": {
							"vector": [-63.82102, -8.99189, -4.39371]
						},
						"1.0": {
							"vector": [-86.03896, 23.43979, -2.24017]
						},
						"1.5": {
							"vector": [-90.51224, 35.90623, -1.1825]
						},
						"2.0": {
							"vector": [-90.60376, -46.59109, -0.44347]
						}
					},
					"position": {
						"0.0": {
							"vector": [0, 0, 0]
						},
						"1.5": {
							"vector": [0, 0, 0]
						},
						"2.0": {
							"vector": [0, 0, -5]
						}
					}
				},
				"bone11": {
					"rotation": {
						"0.0": {
							"vector": [0, 0, 0]
						},
						"0.5": {
							"vector": [0, 0, 0]
						},
						"1.0": {
							"vector": [-5.1568, 14.88389, -10.62544]
						},
						"1.5": {
							"vector": [-15.16, 14.88, -10.63]
						},
						"2.0": {
							"vector": [7.34, 14.88, -10.63]
						}
					}
				}
			}
		},
		"model.2": {
			"loop": true,
			"animation_length": 3.5,
			"bones": {
				"bone7": {
					"rotation": {
						"vector": [-89.63781, 47.28294, -2.12783]
					},
					"position": {
						"vector": [0, 0, -6]
					}
				},
				"bone8": {
					"rotation": {
						"vector": [-90.60376, -46.59109, -0.44347]
					},
					"position": {
						"vector": [0, 0, -5]
					}
				},
				"bone11": {
					"rotation": {
						"0.0": {
							"vector": [7.34, 14.88, -10.63]
						},
						"0.5": {
							"vector": [7.52716, 2.78531, -13.7987]
						},
						"1.0": {
							"vector": [7.55393, 22.13967, -8.717]
						},
						"1.5": {
							"vector": [-2.47, 2.79, -13.8]
						},
						"2.0": {
							"vector": [-17.6469, 13.3663, -20.44636]
						},
						"2.5": {
							"vector": [9.8531, 13.3663, -20.44636]
						},
						"3.0": {
							"vector": [10.32192, -0.95575, -24.9332]
						},
						"3.5": {
							"vector": [7.34, 14.88, -10.63]
						}
					}
				}
			}
		},
		"model.3": {
			"loop": "hold_on_last_frame",
			"animation_length": 1,
			"bones": {
				"bone7": {
					"rotation": {
						"0.0": {
							"vector": [-89.63781, 47.28294, -2.12783]
						},
						"0.5": {
							"vector": [-62.82243, 14.58105, -10.19178]
						},
						"1.0": {
							"vector": [0, 0, 0]
						}
					},
					"position": {
						"0.0": {
							"vector": [0, 0, -6]
						},
						"1.0": {
							"vector": [0, 0, 0]
						}
					}
				},
				"bone8": {
					"rotation": {
						"0.0": {
							"vector": [-90.60376, -46.59109, -0.44347]
						},
						"0.5": {
							"vector": [-66.68456, -14.15608, 4.06966]
						},
						"1.0": {
							"vector": [0, 0, 0]
						}
					},
					"position": {
						"0.0": {
							"vector": [0, 0, -5]
						},
						"1.0": {
							"vector": [0, 0, 0]
						}
					}
				},
				"bone11": {
					"rotation": {
						"0.0": {
							"vector": [7.34, 14.88, -10.63]
						},
						"1.0": {
							"vector": [0, 0, 0]
						}
					}
				}
			}
		}
	},
	"geckolib_format_version": 2
}