{
	"format_version": "1.8.0",
	"animations": {
		"animation.model.1": {
			"animation_length": 3,
			"bones": {
				"bone4": {
					"rotation": {
						"0.0": [0, 0, 0],
						"0.0417": [0, -32.5, 0],
						"0.4583": [0, -32.5, 0],
						"0.5": [0, 52.5, 0],
						"1.25": [0, 52.5, 0],
						"1.2917": [0, 0, 0],
						"1.3333": [52.5, 0, 0],
						"1.4583": [60, 0, 0],
						"1.5833": [50, 0, 0],
						"1.625": [0, 0, 0],
						"2.5": [0, 0, 0],
						"2.5417": [0, -32.5, 0],
						"2.9583": [0, -32.5, 0],
						"3.0": [0, 0, 0]
					}
				}
			}
		},
		"animation.model.2": {
			"animation_length": 0.25,
			"bones": {
				"bone4": {
					"rotation": {
						"0.0": [0, 0, 0],
						"0.0417": [40, 0, 0],
						"0.0833": [0, 0, 0],
						"0.125": [0, 0, 0],
						"0.1667": [40, 0, 0],
						"0.2083": [0, 0, 0]
					}
				},
				"bone5": {
					"rotation": {
						"0.0": [0, 0, 0],
						"0.0417": [-35.82035, -7.14552, -71.8866],
						"0.0833": [0, 0, 0],
						"0.125": [0, 0, 0],
						"0.1667": [-35.82035, -7.14552, -71.8866],
						"0.2083": [0, 0, 0]
					}
				},
				"bone6": {
					"rotation": {
						"0.0": [0, 0, 0],
						"0.0417": [-42.5, 0, 70],
						"0.0833": [0, 0, 0],
						"0.125": [0, 0, 0],
						"0.1667": [-42.5, 0, 70],
						"0.2083": [0, 0, 0]
					}
				}
			}
		},
		"animation.model.3": {
			"loop": true,
			"animation_length": 0.5,
			"bones": {
				"bone5": {
					"rotation": {
						"0.0": [0, 0, 0],
						"0.0417": [-35.82035, -7.14552, -71.8866],
						"0.0833": [0, 0, 0],
						"0.125": [0, 0, 0],
						"0.1667": [-35.82035, -7.14552, -71.8866],
						"0.2083": [0, 0, 0],
						"0.25": [0, 0, 0],
						"0.2917": [-35.82035, -7.14552, -71.8866],
						"0.3333": [0, 0, 0],
						"0.375": [0, 0, 0],
						"0.4167": [-35.82035, -7.14552, -71.8866],
						"0.4583": [0, 0, 0]
					}
				},
				"bone6": {
					"rotation": {
						"0.0": [0, 0, 0],
						"0.0417": [-42.5, 0, 70],
						"0.0833": [0, 0, 0],
						"0.125": [0, 0, 0],
						"0.1667": [-42.5, 0, 70],
						"0.2083": [0, 0, 0],
						"0.25": [0, 0, 0],
						"0.2917": [-42.5, 0, 70],
						"0.3333": [0, 0, 0],
						"0.375": [0, 0, 0],
						"0.4167": [-42.5, 0, 70],
						"0.4583": [0, 0, 0]
					}
				}
			}
		},
		"animation.model.4": {
			"animation_length": 1,
			"bones": {
				"bone4": {
					"rotation": {
						"0.0": [0, 0, 0],
						"0.25": [27.5, 0, 0],
						"0.375": [-67.5, 0, 0],
						"0.75": [-67.5, 0, 0],
						"1.0": [0, 0, 0]
					}
				},
				"bone11": {
					"rotation": {
						"0.0": [0, 0, 0],
						"0.25": [-25, 0, 0],
						"0.375": [-70, 0, 0],
						"0.5833": [-85, 0, 0],
						"0.75": [2.5, 0, 0]
					},
					"scale": {
						"0.0": [1, 1, 1],
						"0.25": [1, 1, 1],
						"0.375": [5, 1, 20],
						"0.75": [5, 1, 20],
						"1.0": [1, 1, 1]
					}
				},
				"bone12": {
					"rotation": {
						"0.0": [0, 0, 0],
						"0.25": [22.5, 0, 0],
						"0.375": [65, 0, 0],
						"0.5833": [80, 0, 0],
						"0.75": [2.5, 0, 0]
					},
					"scale": {
						"0.0": [1, 1, 1],
						"0.25": [1, 1, 1],
						"0.375": [5, 1, 20],
						"0.75": [5, 1, 20],
						"1.0": [1, 1, 1]
					}
				},
				"bone10": {
					"rotation": {
						"0.125": [0, 0, 0],
						"0.5": [0, 0, -45]
					}
				},
				"bone13": {
					"rotation": {
						"0.0": [0, 0, 0],
						"0.25": [-32.5, 0, 0],
						"0.375": [-72.5, 0, 0],
						"0.5833": [-82.5, 0, 0],
						"0.75": [0, 0, 0]
					},
					"scale": {
						"0.0": [1, 1, 1],
						"0.25": [1, 1, 1],
						"0.375": [5, 1, 20],
						"0.75": [5, 1, 20],
						"1.0": [1, 1, 1]
					}
				},
				"bone14": {
					"rotation": {
						"0.0": [0, 0, 0],
						"0.25": [32.5, 0, 0],
						"0.375": [72.5, 0, 0],
						"0.5833": [82.5, 0, 0],
						"0.75": [0, 0, 0]
					},
					"scale": {
						"0.0": [1, 1, 1],
						"0.25": [1, 1, 1],
						"0.375": [5, 1, 20],
						"0.75": [5, 1, 20],
						"1.0": [1, 1, 1]
					}
				}
			}
		}
	}
}