{
  "credit": "Made with Blockbench",
  "parent": "builtin/entity",
  "texture_size": [
    32,
    32
  ],
  "display": {
    "thirdperson_righthand": {
      "rotation": [
        -113.7800000000002,
        1.0399999999999636,
        -179.42000000000007
      ],
      "translation": [
        0,
        1.25,
        -1
      ]
    },
    "thirdperson_lefthand": {
      "rotation": [
        -113.7800000000002,
        1.0399999999999636,
        -179.42000000000007
      ],
      "translation": [
        0,
        1.25,
        -1
      ]
    },
    "firstperson_righthand": {
      "rotation": [
        174.30000000000018,
        0.09000000000014552,
        -179.88999999999987
      ],
      "translation": [
        3,
        0,
        -0.25
      ]
    },
    "firstperson_lefthand": {
      "rotation": [
        -174.01,
        -0.54,
        175.52
      ],
      "translation": [
        0.25,
        0,
        0
      ]
    },
    "gui": {
      "rotation": [
        -104.62,
        64.55,
        103.28
      ],
      "translation": [
        1.25,
        0.75,
        0
      ]
    },
    "fixed": {
      "rotation": [
        -82.99,
        -64.66,
        -81.2
      ],
      "translation": [
        0,
        0,
        -1.25
      ]
    }
  }
}