{
  "credit": "Made with Blockbench",
  "parent": "builtin/entity",
  "texture_size": [
    64,
    64
  ],
  "display": {
    "thirdperson_righthand": {
      "rotation": [
        90.25,
        0,
        0
      ],
      "translation": [
        0,
        -2,
        -0.75
      ],
      "scale": [
        1.076171875,
        1.1328125,
        1.013671875
      ]
    },
    "gui": {
      "rotation": [
        18.27,
        11.46,
        -19.72
      ],
      "translation": [
        -0.5,
        -1.5,
        0
      ],
      "scale": [
        1.4375,
        1.33203125,
        1.73046875
      ]
    }
  }
}